Counter,Date/time,Latitude,Longitude,Mag_x,Mag_y,Mag_z,Label1,Label2
1,2022-04-21 05:38:08.013238,-46.40919435194928,-90.91511757731449,1.3391406536102295,-2.212412118911743,-4.512149333953857,dark,other
2,2022-04-21 05:38:24.138337,-45.946504321273956,-89.65560878672679,2.4033124446868896,-4.300590991973877,-7.915128231048584,dark,other
3,2022-04-21 05:38:40.263087,-45.46464315631279,-88.40815064740335,3.377218246459961,-5.963129043579102,-10.607705116271973,dark,other
4,2022-04-21 05:38:56.370510,-44.96786489213163,-87.18315561480627,4.006249904632568,-7.095661640167236,-12.46258544921875,dark,other
5,2022-04-21 05:39:12.469331,-44.45722724597116,-85.98178863344751,4.654647350311279,-8.031365394592285,-14.098703384399414,dark,other
6,2022-04-21 05:39:28.556844,-43.93297221149974,-84.80315825865232,5.09250545501709,-8.761144638061523,-15.169144630432129,dark,other
7,2022-04-21 05:39:44.681463,-43.3957012880731,-83.64721639214135,5.486842632293701,-9.400389671325684,-15.756318092346191,dark,other
8,2022-04-21 05:40:00.810470,-42.844234174139274,-82.510261800234,5.707545280456543,-9.772032737731934,-16.225643157958984,dark,other
9,2022-04-21 05:40:16.931765,-42.28010874752789,-81.39438953294555,5.943484783172607,-10.095671653747559,-16.47733497619629,dark,other
10,2022-04-21 05:40:33.039649,-41.70420079097233,-80.30008065657194,6.128722190856934,-10.419563293457031,-16.650346755981445,dark,other
11,2022-04-21 05:40:49.137872,-41.11717924366606,-79.22731220247998,6.199848651885986,-10.598990440368652,-16.757211685180664,dark,other
12,2022-04-21 05:41:05.260669,-40.5193576023406,-78.17538947952906,6.197218894958496,-10.720441818237305,-16.671804428100586,dark,other
13,2022-04-21 05:41:21.369554,-39.90988250220206,-77.14171294825961,6.349109649658203,-10.975059509277344,-16.58269500732422,dark,other
14,2022-04-21 05:41:37.467780,-39.29058970684047,-76.12830954419016,6.435161113739014,-11.061076164245605,-16.44121742248535,dark,other
15,2022-04-21 05:41:53.606682,-38.66176977062467,-75.13447920414264,6.473891258239746,-11.199129104614258,-16.280834197998047,dark,other
16,2022-04-21 05:42:09.731739,-38.02177283560168,-74.15664369001172,6.438380718231201,-11.041775703430176,-16.02496910095215,dark,other
17,2022-04-21 05:42:25.845090,-37.37312146451953,-73.19770002715217,6.392516136169434,-11.055764198303223,-15.731350898742676,dark,other
18,2022-04-21 05:42:41.964281,-36.716095111427826,-72.25697673148925,6.441274642944336,-11.062104225158691,-15.653274536132812,dark,other
19,2022-04-21 05:42:58.066868,-36.05033647324408,-71.33296601825248,6.3097639083862305,-11.085637092590332,-15.42069149017334,dark,other
20,2022-04-21 05:43:14.209875,-35.3771057946754,-70.42643883240898,6.243677139282227,-11.17218017578125,-15.030608177185059,dark,other
21,2022-04-21 05:43:30.339475,-34.69433421938479,-69.53374578335976,6.225944995880127,-11.16450023651123,-14.662821769714355,dark,other
22,2022-04-21 05:43:46.439169,-34.00459192649705,-68.65741582679632,6.164843559265137,-11.193422317504883,-14.526154518127441,dark,other
23,2022-04-21 05:44:02.509233,-33.308916200161384,-67.79779790999433,6.051085472106934,-11.377747535705566,-14.3634672164917,dark,other
24,2022-04-21 05:44:18.641777,-32.60762254479521,-66.95431242792527,6.013010025024414,-11.509658813476562,-14.203283309936523,dark,other
25,2022-04-21 05:44:34.766288,-31.896943790072747,-66.12168424054556,6.006296634674072,-11.51816463470459,-13.872941017150879,dark,other
26,2022-04-21 05:44:50.887833,-31.18023405216766,-65.30316359125807,5.881268501281738,-11.639520645141602,-13.502872467041016,dark,other
27,2022-04-21 05:45:06.978667,-30.457535872315322,-64.49801082960954,5.752100467681885,-11.649229049682617,-13.25627613067627,dark,other
28,2022-04-21 05:45:23.078639,-29.730358901208213,-63.70710531003934,5.795712471008301,-11.564311981201172,-13.127434730529785,dark,other
29,2022-04-21 05:45:39.192263,-28.997170998762797,-62.92802558681423,5.744890213012695,-11.671238899230957,-13.117313385009766,dark,other
30,2022-04-21 05:45:55.304233,-28.257972227801957,-62.16011518056749,5.683126926422119,-11.776217460632324,-12.787816047668457,dark,other
31,2022-04-21 05:46:11.416701,-27.513694821141662,-61.40368806916788,5.7085442543029785,-11.859219551086426,-12.624321937561035,dark,other
32,2022-04-21 05:46:27.542973,-26.764465775729388,-60.65821764941811,5.4951910972595215,-11.782366752624512,-12.519951820373535,dark,other
33,2022-04-21 05:46:43.661160,-26.00986086873225,-59.92266824111872,5.667200088500977,-11.759486198425293,-12.242903709411621,dark,other
34,2022-04-21 05:46:59.752452,-25.251126847697503,-59.197647553461564,5.624011993408203,-11.951953887939453,-12.131134033203125,dark,other
35,2022-04-21 05:47:15.866434,-24.489328888097916,-58.483531447643855,5.545423984527588,-12.057150840759277,-12.121747016906738,dark,other
36,2022-04-21 05:47:31.962930,-23.722345138735783,-57.777747612333094,5.658473968505859,-12.323424339294434,-11.945277214050293,dark,other
37,2022-04-21 05:47:48.057731,-22.952257728990983,-57.081657662510025,5.6979193687438965,-12.251741409301758,-11.635628700256348,dark,other
38,2022-04-21 05:48:04.148936,-22.178495980496987,-56.39417953448984,5.805731773376465,-12.426523208618164,-11.62016773223877,dark,other
39,2022-04-21 05:48:20.250812,-21.40133529415643,-55.71502380837409,5.802554130554199,-12.796825408935547,-11.74251651763916,dark,other
40,2022-04-21 05:48:36.365939,-20.620258075280628,-55.04323119109837,5.897774696350098,-12.97366714477539,-11.521502494812012,dark,other
41,2022-04-21 05:48:52.475657,-19.835276252687617,-54.37833471954417,5.70744514465332,-13.137099266052246,-11.21241569519043,dark,other
42,2022-04-21 05:49:08.607914,-19.047269343391054,-53.7206025695426,5.680418968200684,-13.163310050964355,-11.02248764038086,dark,other
43,2022-04-21 05:49:24.723868,-18.255634960388576,-53.06906684340222,5.692646026611328,-13.249627113342285,-10.809795379638672,dark,other
44,2022-04-21 05:49:40.842595,-17.461813280602524,-52.42445018815422,5.694639205932617,-13.231629371643066,-10.675606727600098,dark,other
45,2022-04-21 05:49:56.948019,-16.665214723480965,-51.78581334355405,5.754207134246826,-13.374492645263672,-10.66366195678711,dark,other
46,2022-04-21 05:50:13.061485,-15.866778736167229,-51.15346002071011,5.687317371368408,-13.413457870483398,-10.381945610046387,dark,other
47,2022-04-21 05:50:29.159115,-15.065601220990185,-50.52623877323432,5.702172756195068,-13.591485977172852,-10.262579917907715,dark,other
48,2022-04-21 05:50:45.254304,-14.262999321346339,-49.90475398487555,5.719900131225586,-13.564257621765137,-10.166118621826172,dark,other
49,2022-04-21 05:51:01.377700,-13.458440288196734,-49.2881694076262,5.81928014755249,-13.714216232299805,-10.303680419921875,dark,other
50,2022-04-21 05:51:17.499020,-12.650548779583753,-48.675041192846486,5.838480472564697,-13.791251182556152,-10.050378799438477,dark,other
51,2022-04-21 05:51:33.597728,-11.84090133089966,-48.066182865297975,5.998207092285156,-13.851563453674316,-10.083108901977539,dark,other
52,2022-04-21 05:51:49.698626,-11.030717260403668,-47.46210912904158,6.073691368103027,-13.947083473205566,-9.847959518432617,dark,other
53,2022-04-21 05:52:05.805908,-10.218856558875103,-46.861577426440235,6.120339393615723,-14.098095893859863,-9.82640266418457,dark,other
54,2022-04-21 05:52:21.901204,-9.405223786901272,-46.264144515581215,6.214142322540283,-14.151850700378418,-9.437276840209961,dark,other
55,2022-04-21 05:52:38.021255,-8.590878709840013,-45.67021577243744,6.252985000610352,-14.237068176269531,-9.102519989013672,dark,other
56,2022-04-21 05:52:54.144144,-7.774063794010903,-45.0781480028783,6.4107890129089355,-14.43474292755127,-9.064793586730957,dark,other
57,2022-04-21 05:53:10.268547,-6.956015270898348,-44.488484748828434,6.3946852684021,-14.6685152053833,-8.6926851272583,dark,other
58,2022-04-21 05:53:26.385573,-6.13691171157656,-43.90099799451545,6.561537265777588,-14.787097930908203,-8.523482322692871,dark,other
59,2022-04-21 05:53:42.518128,-5.3173137100742816,-43.31573419293851,6.796028137207031,-14.864272117614746,-8.441914558410645,dark,other
60,2022-04-21 05:53:58.649151,-4.496180042064045,-42.73160050410556,6.9236650466918945,-14.884885787963867,-8.332446098327637,dark,other
61,2022-04-21 05:54:14.762993,-3.6744849798713948,-42.14894425763386,7.116733551025391,-14.91195011138916,-8.10997200012207,dark,other
62,2022-04-21 05:54:30.897630,-2.8531374953831743,-41.56806107506931,7.179089546203613,-14.887214660644531,-7.9390153884887695,dark,other
63,2022-04-21 05:54:47.017870,-2.0303124697634116,-40.98731643719459,7.417239189147949,-14.916110038757324,-7.7710280418396,dark,other
64,2022-04-21 05:55:03.159536,-1.2079074502200535,-40.40770785501757,7.509428977966309,-15.047209739685059,-7.695677757263184,dark,other
65,2022-04-21 05:55:19.261582,-0.3842177698091624,-39.82769227762283,7.637939929962158,-15.204876899719238,-7.477043628692627,dark,other
66,2022-04-21 05:55:35.373849,0.4375319307538981,-39.24919917047502,7.927973747253418,-15.335643768310547,-7.50252103805542,dark,other
67,2022-04-21 05:55:51.484126,1.2597849669335275,-38.670167965425684,8.15267276763916,-15.565892219543457,-7.276832103729248,dark,other
68,2022-04-21 05:56:07.598355,2.081805502251363,-38.090776446291095,8.464885711669922,-15.714670181274414,-7.052366733551025,dark,other
69,2022-04-21 05:56:23.680602,2.903781981159681,-37.51055049205038,8.636849403381348,-15.72713851928711,-6.865004539489746,dark,other
70,2022-04-21 05:56:39.803660,3.7237786844173852,-36.930517541062606,8.923686027526855,-15.72952938079834,-6.6691155433654785,dark,other
71,2022-04-21 05:56:55.898763,4.545397836748944,-36.34778457526188,9.233758926391602,-15.752978324890137,-6.3912553787231445,dark,other
72,2022-04-21 05:57:11.993310,5.3650104756087424,-35.764578145539254,9.38341999053955,-15.885190963745117,-5.987449645996094,dark,other
73,2022-04-21 05:57:28.121274,6.183914697637073,-35.179631858781434,9.728934288024902,-15.85240364074707,-5.780594348907471,dark,other
74,2022-04-21 05:57:44.237250,7.003710241869231,-34.59144424827272,9.988062858581543,-15.79153823852539,-5.319582939147949,dark,other
75,2022-04-21 05:58:00.375113,7.82198044902065,-34.0013885586488,10.279525756835938,-15.889915466308594,-4.805307865142822,dark,other
76,2022-04-21 05:58:16.482037,8.640341974551943,-33.40793581446709,10.601502418518066,-15.716261863708496,-4.261399269104004,dark,other
77,2022-04-21 05:58:32.625062,9.455963187405777,-32.81277841762028,10.888063430786133,-15.652647972106934,-3.9685513973236084,dark,other
78,2022-04-21 05:58:48.732309,10.272156811156615,-32.213127442917106,11.143792152404785,-15.779265403747559,-3.7976391315460205,dark,other
79,2022-04-21 05:59:04.848422,11.08514420713004,-31.61138456686003,11.434761047363281,-15.921473503112793,-3.4212000370025635,dark,other
80,2022-04-21 05:59:20.979782,11.89706866613873,-31.005594443030216,11.763201713562012,-16.023847579956055,-2.9765658378601074,dark,other
81,2022-04-21 05:59:37.107438,12.708123941913069,-30.39521440433445,12.153645515441895,-15.911251068115234,-2.332815647125244,dark,other
82,2022-04-21 05:59:53.227557,13.51721839408599,-29.780666001428543,12.472379684448242,-15.862060546875,-1.6807924509048462,dark,other
83,2022-04-21 06:00:09.352347,14.324038466636193,-29.161791736364773,12.887575149536133,-15.825546264648438,-1.0755517482757568,dark,other
84,2022-04-21 06:00:25.446203,15.129058354505586,-28.53781978535272,13.125662803649902,-15.859808921813965,-0.8549585938453674,dark,other
85,2022-04-21 06:00:41.560673,15.930377850827805,-27.90982188936947,13.332398414611816,-15.913606643676758,-0.1328182816505432,dark,other
86,2022-04-21 06:00:57.685834,16.73041068925,-27.275486631950105,13.419671058654785,-15.84564208984375,0.6474848985671997,dark,other
87,2022-04-21 06:01:13.792722,17.52853833900395,-26.63484593198063,13.630702018737793,-15.873043060302734,1.2319655418395996,light,other
88,2022-04-21 06:01:29.948708,18.323155491978056,-25.98874697963251,13.969352722167969,-15.85683536529541,1.6704744100570679,light,other
89,2022-04-21 06:01:46.130459,19.117449586389533,-25.334114162576324,13.55007553100586,-15.616507530212402,2.2080283164978027,light,other
90,2022-04-21 06:02:02.167316,19.91010484869513,-24.67149579004454,13.963665008544922,-15.479880332946777,2.8525145053863525,light,other
91,2022-04-21 06:02:18.351411,20.692579523130682,-24.0076561117996,14.133889198303223,-15.358177185058594,3.463167667388916,light,other
92,2022-04-21 06:02:34.493485,21.47903728444249,-23.330079210819587,14.296796798706055,-15.261669158935547,3.9489428997039795,light,other
93,2022-04-21 06:02:50.637169,22.260047697420926,-22.646276420627718,14.525161743164062,-15.072277069091797,4.580581188201904,light,other
94,2022-04-21 06:03:06.809878,23.03721487585746,-21.954365800683387,14.622888565063477,-14.945513725280762,5.331517219543457,light,other
95,2022-04-21 06:03:22.991510,23.812704103328937,-21.251835845034403,14.729561805725098,-14.905908584594727,5.901153564453125,light,other
96,2022-04-21 06:03:39.117818,24.584251293882193,-20.54012780468551,14.898566246032715,-14.82103157043457,6.636474132537842,light,other
97,2022-04-21 06:03:55.235863,25.348824501286888,-19.821534972375,14.977725982666016,-14.849125862121582,7.265967845916748,light,other
98,2022-04-21 06:04:11.343120,26.109340591103596,-19.092793382770783,15.167376518249512,-14.814994812011719,8.014054298400879,light,other
99,2022-04-21 06:04:27.442149,26.86446839263736,-18.354589225774962,15.303508758544922,-14.619861602783203,8.745979309082031,light,other
100,2022-04-21 06:04:43.537804,27.614396480811138,-17.606153604976157,15.606587409973145,-14.530410766601562,9.30285358428955,light,other
101,2022-04-21 06:04:59.626024,28.35943121771598,-16.84655119109253,15.512619972229004,-14.478780746459961,10.359383583068848,light,other
102,2022-04-21 06:05:15.689284,29.098875395009312,-16.07584307020715,15.472139358520508,-14.328362464904785,10.74992847442627,light,other
103,2022-04-21 06:05:31.782953,29.83180434301827,-15.29436558233371,15.439393043518066,-14.206035614013672,11.389618873596191,light,other
104,2022-04-21 06:05:47.861991,30.56051014369196,-14.498960433477796,15.467110633850098,-14.129412651062012,12.000917434692383,light,other
105,2022-04-21 06:06:03.968119,31.282681078134107,-13.691396248753078,15.519364356994629,-14.001640319824219,12.56167984008789,light,other
106,2022-04-21 06:06:20.082978,31.999941109418742,-12.869081361906686,15.46690559387207,-13.779878616333008,13.085982322692871,dark,other
107,2022-04-21 06:06:36.239969,32.71118051856257,-12.032440383177878,15.463006973266602,-13.635607719421387,13.783205032348633,light,other
108,2022-04-21 06:06:52.395617,33.417560729935275,-11.179196546076831,15.389232635498047,-13.481823921203613,14.490612030029297,light,other
109,2022-04-21 06:07:08.583618,34.116863888585044,-10.311106741728677,15.218169212341309,-13.361509323120117,15.032244682312012,light,other
110,2022-04-21 06:07:24.765620,34.81023687302074,-9.425811323509866,15.203105926513672,-13.422985076904297,15.672947883605957,light,other
111,2022-04-21 06:07:40.952911,35.495463812882974,-8.525195714864688,15.24905014038086,-13.259601593017578,16.21440315246582,light,other
112,2022-04-21 06:07:57.146129,36.17340576212438,-7.6071906794447655,15.222461700439453,-13.16100025177002,16.838930130004883,light,other
113,2022-04-21 06:08:13.350631,36.84304434209882,-6.672177074528641,15.085165977478027,-13.136618614196777,17.440237045288086,light,other
114,2022-04-21 06:08:29.540914,37.50445334170547,-5.7190354531817675,15.002655029296875,-12.962496757507324,18.251821517944336,light,sea
115,2022-04-21 06:08:45.735075,38.15630165584588,-4.748674471738632,14.925253868103027,-12.793371200561523,18.753013610839844,light,sea
116,2022-04-21 06:09:01.956740,38.798877280558905,-3.7596482832000775,14.686417579650879,-12.63859748840332,19.297876358032227,light,sea
117,2022-04-21 06:09:18.213121,39.43272678377269,-2.7499430774796205,14.488265991210938,-12.45404052734375,19.745906829833984,light,sea
118,2022-04-21 06:09:34.419756,40.057690548649035,-1.718497428935437,14.37990951538086,-12.389213562011719,20.381023406982422,light,other
119,2022-04-21 06:09:50.611886,40.67011907041951,-0.670240935087953,14.087440490722656,-12.244176864624023,21.10495948791504,light,other
120,2022-04-21 06:10:06.819965,41.27090332330042,0.39728682504614543,13.838168144226074,-12.144758224487305,21.416044235229492,light,other
121,2022-04-21 06:10:23.027321,41.860958402669084,1.4869234146124315,13.625626564025879,-12.164834976196289,21.603271484375,light,other
122,2022-04-21 06:10:39.292805,42.440906938282474,2.6013327238976456,13.414774894714355,-12.069334030151367,22.028636932373047,light,other
123,2022-04-21 06:10:55.474647,43.00665506372221,3.7339146942770505,13.2769136428833,-11.959724426269531,22.66438102722168,light,other
124,2022-04-21 06:11:11.653877,43.55855769156344,4.886321345825765,13.228973388671875,-11.815876960754395,23.314756393432617,light,other
125,2022-04-21 06:11:27.843551,44.09708115176155,6.060688507344148,13.13051700592041,-11.837748527526855,23.756423950195312,light,other
126,2022-04-21 06:11:44.065515,44.62216298318997,7.258248880361201,12.836264610290527,-11.598987579345703,24.018159866333008,light,other
127,2022-04-21 06:12:00.268991,45.13395068982495,8.480913104733684,12.615674018859863,-11.374666213989258,24.506792068481445,light,other
128,2022-04-21 06:12:16.469871,45.630311756961184,9.725040566603283,12.356823921203613,-11.302494049072266,24.890039443969727,light,other
129,2022-04-21 06:12:32.661987,46.11124557391176,10.991912692686954,12.097519874572754,-11.103181838989258,25.33226203918457,light,other
130,2022-04-21 06:12:48.869586,46.576063017291496,12.28106354522369,11.93589973449707,-11.0537691116333,25.72417640686035,light,other
131,2022-04-21 06:13:05.072069,47.02492246920941,13.594407338657005,11.730245590209961,-10.960865020751953,26.117355346679688,light,sea
132,2022-04-21 06:13:21.292244,47.45669899915847,14.930164946800927,11.561345100402832,-10.733028411865234,26.432527542114258,light,sea
133,2022-04-21 06:13:37.504134,47.871452192442426,16.29006472678214,11.269719123840332,-10.688472747802734,26.927907943725586,light,sea
134,2022-04-21 06:13:53.747609,48.26797396868374,17.671680861194385,11.082759857177734,-10.58044719696045,26.95526123046875,light,sea
135,2022-04-21 06:14:09.932426,48.64666331501868,19.07806143027119,10.860875129699707,-10.58608627319336,27.169918060302734,light,sea
136,2022-04-21 06:14:26.130580,49.004939943909484,20.500861158130782,10.616477012634277,-10.494094848632812,27.403289794921875,light,sea
137,2022-04-21 06:14:42.299488,49.34397183236471,21.945775190097702,10.366106986999512,-10.36961555480957,27.588436126708984,light,other
138,2022-04-21 06:14:58.475325,49.662389983094876,23.408270321849436,10.233644485473633,-10.219267845153809,27.889028549194336,light,sea
139,2022-04-21 06:15:14.641146,49.96046850846845,24.89082036517769,9.915254592895508,-10.144657135009766,28.253101348876953,light,other
140,2022-04-21 06:15:30.789569,50.23743095089021,26.390965667327073,9.675472259521484,-10.046926498413086,28.550579071044922,light,other
141,2022-04-21 06:15:46.981036,50.49275795932489,27.906978138066663,9.345483779907227,-9.992294311523438,28.777360916137695,light,other
142,2022-04-21 06:16:03.145808,50.72691783048296,29.443381101468102,9.199576377868652,-9.975419998168945,29.13657569885254,light,other
143,2022-04-21 06:16:19.325798,50.93851743927393,30.992692646296614,8.943181037902832,-9.928228378295898,29.278778076171875,light,other
144,2022-04-21 06:16:35.528281,51.127713606342844,32.55727431853532,8.73897647857666,-9.932670593261719,29.70531463623047,light,other
145,2022-04-21 06:16:51.721322,51.29419482116461,34.13660538349973,8.508172988891602,-9.812435150146484,29.86269760131836,light,other
146,2022-04-21 06:17:07.912798,51.43730329182854,35.72608619081818,8.239764213562012,-9.777676582336426,30.0684757232666,light,other
147,2022-04-21 06:17:24.098882,51.5568705357509,37.32491694979957,8.035674095153809,-9.939340591430664,30.34526252746582,light,sea
148,2022-04-21 06:17:40.278491,51.652660306790295,38.93105768575953,7.844042778015137,-10.008781433105469,30.513931274414062,light,sea
149,2022-04-21 06:17:56.495543,51.72451357447103,40.542703144049504,7.679843902587891,-10.04493522644043,30.28422737121582,light,sea
150,2022-04-21 06:18:12.699426,51.77242146899635,42.16252288661348,7.1850128173828125,-10.081965446472168,30.714481353759766,light,sea
151,2022-04-21 06:18:28.872666,51.79608844908861,43.78365345688504,6.958198070526123,-10.049359321594238,31.124778747558594,light,other
152,2022-04-21 06:18:45.033895,51.79554330654964,45.40255002035438,6.805330276489258,-10.089637756347656,31.46236801147461,light,other
153,2022-04-21 06:19:01.202673,51.77088275408648,47.01929819513802,6.6480255126953125,-10.023589134216309,31.913082122802734,light,other
154,2022-04-21 06:19:17.372677,51.722134996854976,48.63405197051918,6.418360710144043,-10.070014953613281,32.109344482421875,light,other
155,2022-04-21 06:19:33.546946,51.649393847338494,50.2444011329909,6.192484378814697,-10.127642631530762,32.2740592956543,light,other
156,2022-04-21 06:19:49.689175,51.55277222669752,51.8489174098907,5.920222282409668,-10.144801139831543,32.35516357421875,light,other
157,2022-04-21 06:20:05.844098,51.43280784193358,53.44139906231164,5.835336685180664,-10.14601993560791,32.66087341308594,light,other
158,2022-04-21 06:20:22.027142,51.28920100268181,55.027463290433445,5.362582683563232,-10.177053451538086,32.74290466308594,light,other
159,2022-04-21 06:20:38.175339,51.12222352029393,56.60421567918464,5.067513465881348,-10.121648788452148,32.83182907104492,light,other
160,2022-04-21 06:20:54.326745,50.93276386257965,58.164983254142534,4.80279016494751,-10.202881813049316,33.12472152709961,light,sea
161,2022-04-21 06:21:10.481984,50.72077772362198,59.712101504540335,4.434711933135986,-10.218652725219727,33.392696380615234,light,other
162,2022-04-21 06:21:26.635154,50.4866106131407,61.24432507604359,4.236678600311279,-10.240594863891602,33.56351852416992,light,other
163,2022-04-21 06:21:42.801157,50.230741282834614,62.75990070729224,3.9325482845306396,-10.388129234313965,33.575801849365234,light,other
164,2022-04-21 06:21:59.006821,49.95333768221884,64.25910916876154,3.6571104526519775,-10.513936042785645,33.923519134521484,light,other
165,2022-04-21 06:22:15.174337,49.6542863004745,65.74335729144353,3.4295525550842285,-10.545592308044434,34.09502410888672,light,other
166,2022-04-21 06:22:31.345492,49.33548870800432,67.20463776214577,3.009366750717163,-10.639970779418945,34.01731872558594,light,other
167,2022-04-21 06:22:47.524300,48.996936078112064,68.64493358369712,2.4676201343536377,-10.621756553649902,33.95466995239258,light,other
168,2022-04-21 06:23:03.740405,48.638227798624904,70.06717892985297,2.017777919769287,-10.79713249206543,34.44129180908203,light,other
169,2022-04-21 06:23:19.931256,48.25997458565999,71.46991573632057,1.5108929872512817,-10.826375961303711,34.46535873413086,light,other
170,2022-04-21 06:23:36.152158,47.863761665166976,72.84872566975771,1.1060603857040405,-10.875650405883789,34.55165481567383,light,other
171,2022-04-21 06:23:52.359720,47.448865966872575,74.20754720381147,0.7236431241035461,-11.103484153747559,34.448997497558594,light,other
172,2022-04-21 06:24:08.538985,47.01686429898751,75.54256880776762,0.2813152074813843,-11.196537017822266,34.739410400390625,light,other
173,2022-04-21 06:24:24.738431,46.56875426324789,76.85245672932535,-0.15911559760570526,-11.22420883178711,34.74838638305664,light,other
174,2022-04-21 06:24:40.938979,46.103738763481836,78.1410405967085,-0.6429024934768677,-11.315727233886719,34.66494369506836,light,other
175,2022-04-21 06:24:57.132292,45.62286306064889,79.40672351304525,-1.0923515558242798,-11.447311401367188,34.59968566894531,light,other
176,2022-04-21 06:25:13.297500,45.12690493883282,80.64891299294987,-1.6626832485198975,-11.651070594787598,34.51849365234375,light,sea
177,2022-04-21 06:25:29.474591,44.61706897677099,81.86618717111196,-2.0759294033050537,-11.825573921203613,34.48570251464844,light,other
178,2022-04-21 06:25:45.657234,44.092623410355976,83.06175496353879,-2.5116043090820312,-12.030158996582031,34.596073150634766,light,other
179,2022-04-21 06:26:01.830757,43.554253408732215,84.23531949014443,-3.7738473415374756,-11.986754417419434,34.65184020996094,light,other
180,2022-04-21 06:26:18.026176,43.00294010747932,85.38608946734574,-4.079697608947754,-11.911763191223145,34.49386215209961,light,other
181,2022-04-21 06:26:34.203112,42.43809318230484,86.51654592212032,-4.313078880310059,-12.060476303100586,34.35753631591797,light,other
182,2022-04-21 06:26:50.370814,41.861587539580434,87.62420176674873,-4.706862926483154,-12.03531551361084,34.29505920410156,light,other
183,2022-04-21 06:27:06.533503,41.27357219882958,88.71013641197746,-5.027883529663086,-12.176217079162598,34.14153289794922,light,other
184,2022-04-21 06:27:22.716248,40.67436771211785,89.77503463106437,-5.593347072601318,-12.32498550415039,33.95872116088867,light,other
185,2022-04-21 06:27:38.905438,40.063445891335775,90.8209708980819,-6.17101526260376,-12.547670364379883,33.907691955566406,light,other
186,2022-04-21 06:27:55.071800,39.44172733869061,91.8474378485615,-6.787336826324463,-12.739359855651855,33.55302810668945,light,other
187,2022-04-21 06:28:11.232748,38.81075055631889,92.85308482767554,-7.337740898132324,-12.944087028503418,33.34395217895508,light,other
188,2022-04-21 06:28:27.387214,38.17065637380761,93.83891201390136,-7.837155818939209,-13.275579452514648,32.95136260986328,light,other
189,2022-04-21 06:28:43.586025,37.52070909378724,94.80712922338326,-8.078710556030273,-13.463006973266602,32.64965057373047,light,other
190,2022-04-21 06:28:59.764182,36.860364085459885,95.75944839318342,-8.527294158935547,-13.645343780517578,32.337501525878906,light,other
191,2022-04-21 06:29:15.944311,36.19222523768246,96.693087228691,-9.13986873626709,-13.88264274597168,32.072513580322266,light,other
192,2022-04-21 06:29:32.114762,35.51571767438722,97.60988325503835,-9.728496551513672,-14.167348861694336,31.65574073791504,light,other
193,2022-04-21 06:29:48.291264,34.83166966945633,98.50968630600102,-10.264492988586426,-14.166899681091309,31.156963348388672,light,other
194,2022-04-21 06:30:04.458000,34.13974365753271,99.39387309004725,-10.769811630249023,-14.28459644317627,30.52559471130371,light,other
195,2022-04-21 06:30:20.654884,33.44092637059786,100.26208579778678,-11.342413902282715,-14.299915313720703,30.617292404174805,light,other
196,2022-04-21 06:30:36.858958,32.73378064672135,101.11693253233666,-11.891793251037598,-14.454377174377441,29.860158920288086,light,other
197,2022-04-21 06:30:53.031929,32.019582108646745,101.95763394996105,-12.327544212341309,-14.519625663757324,29.17458724975586,light,other
198,2022-04-21 06:31:09.213486,31.30039727792927,102.78262647545046,-12.982486724853516,-14.695985794067383,28.788677215576172,light,other
199,2022-04-21 06:31:25.391759,30.574481977496834,103.5947408473429,-13.351702690124512,-15.005281448364258,28.02996253967285,light,sea
200,2022-04-21 06:31:41.575709,29.84288159827793,104.39355724761643,-13.756488800048828,-15.17446231842041,27.830421447753906,light,sea
201,2022-04-21 06:31:57.752248,29.105360346741165,105.18007214085526,-14.259353637695312,-15.385114669799805,27.25827980041504,light,other
202,2022-04-21 06:32:13.943589,28.362789182254534,105.95407706237769,-14.725526809692383,-15.732419967651367,26.323509216308594,light,other
203,2022-04-21 06:32:30.145937,27.614481191562632,106.71697606642904,-15.172998428344727,-15.835269927978516,25.706653594970703,light,other
204,2022-04-21 06:32:46.323491,26.860371046972055,107.4694631042353,-15.765251159667969,-15.936347961425781,25.04531478881836,light,other
205,2022-04-21 06:33:02.493819,26.10321293295055,108.20946904142191,-16.149070739746094,-16.174556732177734,24.45866584777832,light,other
206,2022-04-21 06:33:18.632049,25.341318910657034,108.9393199858255,-16.627914428710938,-16.326539993286133,23.77670669555664,light,other
207,2022-04-21 06:33:34.805852,24.576628061625144,109.65780510393635,-17.097810745239258,-16.391252517700195,22.970142364501953,light,other
208,2022-04-21 06:33:50.994165,23.806317740087827,110.36816906946379,-17.5754451751709,-16.62103843688965,22.313013076782227,light,other
209,2022-04-21 06:34:07.203186,23.03138272373474,111.07001348252687,-17.95244026184082,-16.795230865478516,21.736133575439453,light,other
210,2022-04-21 06:34:23.380237,22.25170090461326,111.76396885992253,-18.556610107421875,-16.820432662963867,21.564029693603516,light,other
211,2022-04-21 06:34:39.548369,21.46999306500197,112.44817036704815,-19.06259536743164,-16.96315574645996,20.82607650756836,light,other
212,2022-04-21 06:34:55.716118,20.685316443325668,113.12401408841299,-19.42749786376953,-17.152849197387695,19.858154296875,light,other
213,2022-04-21 06:35:11.880324,19.897437709150054,113.79222240768023,-19.8345890045166,-17.19122314453125,18.86193084716797,light,other
214,2022-04-21 06:35:28.039748,19.10668328932795,114.45302044545423,-20.071910858154297,-17.310575485229492,17.65460968017578,light,other
215,2022-04-21 06:35:44.227277,18.31326286492119,115.10672517532309,-20.442279815673828,-17.62736701965332,16.597585678100586,light,other
216,2022-04-21 06:36:00.426275,17.515711660962015,115.75499665409728,-20.82282829284668,-17.919069290161133,15.64574909210205,light,other
217,2022-04-21 06:36:16.604371,16.714996959638054,116.39747921276935,-21.152881622314453,-17.993864059448242,14.598390579223633,light,other
218,2022-04-21 06:36:32.791992,15.913535542917337,117.03270183866567,-21.512487411499023,-18.07303237915039,13.74935531616211,light,other
219,2022-04-21 06:36:48.986016,15.107957641934417,117.66377490202905,-21.836973190307617,-18.15375328063965,12.980544090270996,light,other
220,2022-04-21 06:37:05.171642,14.30085582558177,118.2890823391507,-22.01646614074707,-18.213197708129883,12.214097023010254,light,other
221,2022-04-21 06:37:21.373594,13.491544971869768,118.90958284252915,-22.22226905822754,-18.31249237060547,11.172607421875,light,other
222,2022-04-21 06:37:37.563688,12.679824416683248,119.52583549239932,-22.42076301574707,-18.32006072998047,10.08410358428955,light,other
223,2022-04-21 06:37:53.746029,11.866922332669038,120.13731374222156,-22.674997329711914,-18.53713607788086,9.203404426574707,light,other
224,2022-04-21 06:38:09.968568,11.052767830982216,120.74447797287274,-22.76703453063965,-18.678695678710938,8.369636535644531,light,other
225,2022-04-21 06:38:26.136955,10.235079100517163,121.3494054551904,-23.07324981689453,-18.870641708374023,7.55239725112915,light,other
226,2022-04-21 06:38:42.312209,9.418740719815117,121.94887214744503,-23.20730972290039,-18.96967887878418,6.550841331481934,light,other
227,2022-04-21 06:38:58.468140,8.600786469700449,122.5454525633262,-23.37204360961914,-19.08858871459961,5.6162824630737305,light,other
228,2022-04-21 06:39:14.627142,7.782666503906591,123.1384638747459,-23.621639251708984,-19.16729736328125,4.714958667755127,light,other
229,2022-04-21 06:39:30.772332,6.963365149431236,123.72901290452639,-23.74569320678711,-19.256893157958984,3.8850841522216797,light,other
230,2022-04-21 06:39:46.917794,6.143858137465119,124.3167596190539,-23.965829849243164,-19.396228790283203,3.2198286056518555,light,other
231,2022-04-21 06:40:02.973447,5.323535146805699,124.90250119393706,-24.015073776245117,-19.452478408813477,2.391240358352661,light,other
232,2022-04-21 06:40:19.144480,4.507123691589618,125.48323217651935,-24.121257781982422,-19.76613426208496,1.3899868726730347,light,other
233,2022-04-21 06:40:35.303619,3.68425567025525,126.0666709200068,-24.33380126953125,-19.659343719482422,0.4968011975288391,light,other
234,2022-04-21 06:40:51.442643,2.861731138015966,126.64832533556941,-24.2722225189209,-19.82874298095703,-0.2829784154891968,light,other
235,2022-04-21 06:41:07.626975,2.039651775640973,127.2284726886122,-24.3100528717041,-20.080472946166992,-1.3121707439422607,light,other
236,2022-04-21 06:41:23.775212,1.2151197958728144,127.80949923216727,-24.315900802612305,-20.197734832763672,-2.258117198944092,light,other
237,2022-04-21 06:41:39.934736,0.392057827376446,128.388982435043,-24.427017211914062,-20.29818344116211,-3.2042160034179688,light,other
238,2022-04-21 06:41:56.108500,-0.4313966889266351,128.96857667254596,-24.628028869628906,-20.37694549560547,-4.036675930023193,light,other
239,2022-04-21 06:42:12.278377,-1.2550443988411704,129.54848315203716,-24.62997055053711,-20.56819725036621,-5.076048851013184,light,other
240,2022-04-21 06:42:28.464644,-2.0791847463450104,130.1292555699376,-24.719337463378906,-20.63387107849121,-6.035375595092773,light,other
241,2022-04-21 06:42:44.641809,-2.9033900722098593,130.71093728737037,-24.66065216064453,-20.753204345703125,-6.9206862449646,light,other
242,2022-04-21 06:43:00.798533,-3.7267113036155877,131.29320301058905,-24.598058700561523,-20.833866119384766,-7.680008411407471,light,other
243,2022-04-21 06:43:16.976227,-4.548462152095901,131.87590932748714,-24.607202529907227,-20.86469841003418,-8.80859661102295,light,other
244,2022-04-21 06:43:33.144267,-5.370628676131134,132.46081221032816,-24.467493057250977,-20.990949630737305,-9.651607513427734,light,other
245,2022-04-21 06:43:49.321766,-6.191553359864864,133.04708431951892,-24.379846572875977,-21.000099182128906,-10.172565460205078,light,other
246,2022-04-21 06:44:05.509407,-7.012082198071444,133.6356828674579,-24.306486129760742,-21.105865478515625,-11.059300422668457,light,other
247,2022-04-21 06:44:21.703309,-7.832145690493136,134.22691969309193,-24.024097442626953,-21.350008010864258,-11.988690376281738,light,other
248,2022-04-21 06:44:37.904070,-8.651402433723485,134.82091437287667,-24.06926727294922,-21.398008346557617,-12.869378089904785,light,other
249,2022-04-21 06:44:54.121856,-9.469795517362705,135.417995720746,-23.97730255126953,-21.4312801361084,-13.663174629211426,light,other
250,2022-04-21 06:45:10.338381,-10.287703560926664,136.01882004546377,-23.839487075805664,-21.264989852905273,-14.642932891845703,light,other
251,2022-04-21 06:45:26.535715,-11.104082039478817,136.62300347547526,-23.852001190185547,-21.320556640625,-15.44964599609375,light,other
252,2022-04-21 06:45:42.722582,-11.91790487527329,137.23016069393196,-23.737396240234375,-21.412376403808594,-16.56939697265625,light,other
253,2022-04-21 06:45:58.918071,-12.729488895338708,137.84090271081803,-23.682518005371094,-21.509613037109375,-17.354806900024414,light,other
254,2022-04-21 06:46:15.131150,-13.539663197685806,138.45624743895956,-23.497657775878906,-21.662269592285156,-17.960548400878906,light,other
255,2022-04-21 06:46:31.358776,-14.348753960419936,139.0768597306182,-23.420713424682617,-21.72896957397461,-18.50877571105957,light,other
256,2022-04-21 06:46:47.587375,-15.156464764359919,139.7029429142931,-23.39052391052246,-21.79151153564453,-19.391019821166992,light,other
257,2022-04-21 06:47:03.775662,-15.961966432747571,140.33428507343743,-23.28844451904297,-21.766393661499023,-20.062807083129883,light,other
258,2022-04-21 06:47:19.994170,-16.763099112365417,140.9695968210091,-23.138668060302734,-21.68989372253418,-20.920879364013672,light,other
259,2022-04-21 06:47:36.184144,-17.5631911180681,141.61194982841113,-22.953210830688477,-21.68451690673828,-21.568044662475586,light,other
260,2022-04-21 06:47:52.395159,-18.359219422987216,142.2593667444169,-22.687742233276367,-21.667062759399414,-22.077486038208008,light,other
261,2022-04-21 06:48:08.617578,-19.153214666768182,142.9139494194357,-22.533668518066406,-21.658462524414062,-22.79608726501465,light,other
262,2022-04-21 06:48:24.817034,-19.945293675090895,143.57629781783592,-22.344148635864258,-21.53618812561035,-23.50914764404297,light,other
263,2022-04-21 06:48:41.002107,-20.732865770602544,144.24472422430185,-22.00949478149414,-21.488561630249023,-24.121416091918945,light,other
264,2022-04-21 06:48:57.245319,-21.516462225135612,144.92013675975204,-21.682889938354492,-21.63054084777832,-24.985668182373047,light,other
265,2022-04-21 06:49:13.429609,-22.299403996116112,145.60595266874364,-21.419340133666992,-21.818763732910156,-25.824718475341797,light,other
266,2022-04-21 06:49:29.640607,-23.075859958989728,146.29758774736231,-21.07320785522461,-21.843061447143555,-26.547428131103516,light,other
267,2022-04-21 06:49:45.874443,-23.849797212672538,146.99908152117598,-20.768423080444336,-21.722312927246094,-26.946807861328125,light,other
268,2022-04-21 06:50:02.069763,-24.62066299875567,147.71054290092457,-20.547693252563477,-21.741785049438477,-27.582496643066406,light,other
269,2022-04-21 06:50:18.281252,-25.385832038622695,148.4301074565774,-20.187334060668945,-21.840822219848633,-27.90913963317871,light,other
270,2022-04-21 06:50:34.460103,-26.14721415105902,149.16013784569168,-19.969226837158203,-21.882083892822266,-28.518409729003906,light,other
271,2022-04-21 06:50:50.659921,-26.902499728203097,149.89900018072814,-19.578224182128906,-21.825767517089844,-29.131187438964844,light,other
272,2022-04-21 06:51:06.849462,-27.653977002588537,150.64954317639487,-19.374652862548828,-21.692197799682617,-29.724853515625,light,sea
273,2022-04-21 06:51:23.093368,-28.40016798122687,151.41095746176254,-19.079992294311523,-21.704648971557617,-30.45669174194336,light,sea
274,2022-04-21 06:51:39.293055,-29.143232645761582,152.1861768206699,-18.70181655883789,-21.65977668762207,-30.85451316833496,light,other
275,2022-04-21 06:51:55.489458,-29.878993641688286,152.97154189985176,-18.329978942871094,-21.600706100463867,-31.74833106994629,light,other
276,2022-04-21 06:52:11.712000,-30.608909763085933,153.76924866153902,-17.946481704711914,-21.762954711914062,-32.411216735839844,light,other
277,2022-04-21 06:52:27.913983,-31.334038271055594,154.58122721798637,-17.67017936706543,-21.766536712646484,-32.73053741455078,light,other
278,2022-04-21 06:52:44.122720,-32.05179112526048,155.40533707003155,-17.291820526123047,-21.48250389099121,-32.93124008178711,light,other
279,2022-04-21 06:53:00.325849,-32.76384064042384,156.24426520894016,-16.91071128845215,-21.370729446411133,-33.489192962646484,light,other
280,2022-04-21 06:53:16.543142,-33.46864846529745,157.09701990070656,-16.640398025512695,-21.385696411132812,-33.753902435302734,light,other
281,2022-04-21 06:53:32.756307,-34.16700924061914,157.96540338795685,-16.215150833129883,-21.41827964782715,-34.11774444580078,light,other
282,2022-04-21 06:53:48.938562,-34.857847107508256,158.8489611262728,-15.913963317871094,-21.384695053100586,-34.48591232299805,light,other
283,2022-04-21 06:54:05.145827,-35.539731965806034,159.74667003318413,-15.66305923461914,-21.33139991760254,-34.809627532958984,light,other
284,2022-04-21 06:54:21.342903,-36.21470097409183,160.66211264107696,-15.241562843322754,-21.158065795898438,-35.29582595825195,light,other
285,2022-04-21 06:54:37.510541,-36.88094175298257,161.59381027823852,-14.862024307250977,-21.188451766967773,-35.837223052978516,light,other
286,2022-04-21 06:54:53.694434,-37.5373677579783,162.5411076590657,-14.420412063598633,-21.183353424072266,-36.24279022216797,light,other
287,2022-04-21 06:55:09.873823,-38.185482713296594,163.5071367206174,-14.093475341796875,-20.997161865234375,-36.782310485839844,light,other
288,2022-04-21 06:55:26.032760,-38.82407985707721,164.49115938937686,-13.618901252746582,-21.014066696166992,-37.2447624206543,light,other
289,2022-04-21 06:55:42.165446,-39.45217153261386,165.49263184078302,-13.221553802490234,-20.903974533081055,-37.45521545410156,light,other
290,2022-04-21 06:55:58.335196,-40.06920471376825,166.51160411071012,-12.854073524475098,-20.691009521484375,-37.36671829223633,light,other
291,2022-04-21 06:56:14.514690,-40.67717123310628,167.55251305150304,-12.594039916992188,-20.627586364746094,-37.70654296875,light,other
292,2022-04-21 06:56:30.682151,-41.274587887642035,168.61412442327972,-12.384289741516113,-20.45374298095703,-37.862159729003906,light,other
293,2022-04-21 06:56:46.836417,-41.86024447867306,169.69545206411118,-12.109047889709473,-20.33220672607422,-38.1358642578125,light,other
294,2022-04-21 06:57:03.008056,-42.43367347202981,170.79673487242758,-11.633338928222656,-20.211576461791992,-38.19771194458008,light,other
295,2022-04-21 06:57:19.173445,-42.99551182573751,171.92043970474364,-11.27003288269043,-20.06462860107422,-38.459712982177734,light,other
296,2022-04-21 06:57:35.369478,-43.544466199380395,173.065280744422,-10.964642524719238,-19.899911880493164,-38.744022369384766,light,other
297,2022-04-21 06:57:51.541378,-44.081295668097525,174.23423458014025,-10.530255317687988,-19.88165283203125,-38.89838790893555,light,other
298,2022-04-21 06:58:07.739039,-44.60368322985335,175.42359337283244,-10.164769172668457,-19.75082778930664,-38.94636535644531,light,other
299,2022-04-21 06:58:23.918572,-45.11275351591558,176.63725789726254,-9.852315902709961,-19.59233856201172,-39.24049758911133,light,other
300,2022-04-21 06:58:40.060770,-45.606355105366134,177.87144487087014,-9.410526275634766,-19.456390380859375,-39.305416107177734,light,other
301,2022-04-21 06:58:56.213749,-46.08425411151035,179.1266791895784,-9.12392807006836,-19.438629150390625,-39.35115051269531,light,other
302,2022-04-21 06:59:12.387672,-46.54662237670374,-179.59530919329248,-8.597061157226562,-19.37628173828125,-39.29231643676758,light,other
303,2022-04-21 06:59:28.528864,-46.99344445535953,-178.2930230341152,-8.149933815002441,-19.279207229614258,-39.54441833496094,light,other
304,2022-04-21 06:59:44.660434,-47.422740420558874,-176.97090154153543,-7.77126407623291,-19.19624900817871,-39.48640060424805,dark,other
305,2022-04-21 07:00:00.759840,-47.83466975181475,-175.62732936280486,-7.400568008422852,-18.875255584716797,-39.71576690673828,dark,other
306,2022-04-21 07:00:16.865616,-48.22821010956759,-174.26453035893383,-6.941622734069824,-18.701160430908203,-39.71190643310547,dark,other
307,2022-04-21 07:00:32.977443,-48.60383992984816,-172.87962820061375,-6.711465835571289,-18.61836051940918,-39.96141052246094,dark,other
308,2022-04-21 07:00:49.079575,-48.96101382682091,-171.47311352056707,-6.276107311248779,-18.38302230834961,-39.86552047729492,dark,other
309,2022-04-21 07:01:05.189688,-49.298904994245895,-170.04685719866146,-6.003243923187256,-18.174224853515625,-39.70716857910156,dark,other
310,2022-04-21 07:01:21.281441,-49.61739662058705,-168.5999499504778,-5.653326511383057,-17.946922302246094,-39.408935546875,dark,other
311,2022-04-21 07:01:37.399508,-49.91530090761143,-167.13660642098154,-5.261375904083252,-17.74907875061035,-39.524356842041016,dark,other
312,2022-04-21 07:01:53.520701,-50.193597408594265,-165.6504011770096,-4.791050910949707,-17.672529220581055,-39.15348434448242,dark,other
313,2022-04-21 07:02:09.604002,-50.45061552221935,-164.14849642470986,-4.3570661544799805,-17.562152862548828,-39.2695198059082,dark,other
314,2022-04-21 07:02:25.733252,-50.68603359649832,-162.63185637624784,-3.8449654579162598,-17.457921981811523,-39.1701545715332,dark,other
315,2022-04-21 07:02:41.830675,-50.90019459969783,-161.0966329158922,-3.464670181274414,-17.283700942993164,-38.988609313964844,dark,other
316,2022-04-21 07:02:57.968192,-51.091828136697565,-159.5505189965844,-3.097105026245117,-17.124889373779297,-38.62937927246094,dark,other
317,2022-04-21 07:03:14.088145,-51.26144320152946,-157.98791554656944,-2.7587287425994873,-17.050758361816406,-38.4432373046875,dark,other
318,2022-04-21 07:03:30.201809,-51.408087527876575,-156.4157965425783,-2.337751865386963,-17.201265335083008,-38.41259002685547,dark,other
319,2022-04-21 07:03:46.318008,-51.53164684832556,-154.83463394443498,-1.9457818269729614,-17.016963958740234,-38.16517639160156,dark,other
320,2022-04-21 07:04:02.434785,-51.631974377284116,-153.24510481982554,-1.5792630910873413,-16.847700119018555,-38.14259719848633,dark,other
321,2022-04-21 07:04:18.551543,-51.70886564790956,-151.64902399642875,-1.3632335662841797,-16.807849884033203,-38.332054138183594,dark,other
322,2022-04-21 07:04:34.664869,-51.7621708817061,-150.04817435370967,-1.0123730897903442,-16.666887283325195,-38.03251647949219,dark,other
323,2022-04-21 07:04:50.761932,-51.791791603353786,-148.4441735095813,-0.666172444820404,-16.6016902923584,-37.87240219116211,dark,other
324,2022-04-21 07:05:06.868645,-51.79767724756229,-146.84130345182075,-0.24830178916454315,-16.617259979248047,-37.88923263549805,dark,other
325,2022-04-21 07:05:22.976203,-51.779853931609416,-145.2374730851788,0.22974644601345062,-16.436065673828125,-37.63091278076172,dark,other
326,2022-04-21 07:05:39.098467,-51.7383352061603,-143.63569369451557,0.5687373876571655,-16.266977310180664,-37.38312911987305,dark,other
327,2022-04-21 07:05:55.197908,-51.673129161634336,-142.03637295217015,0.7807474732398987,-15.931184768676758,-37.1156005859375,dark,other
328,2022-04-21 07:06:11.334771,-51.58452522569787,-140.4449053836644,1.1824311017990112,-15.93051528930664,-37.06174087524414,dark,other
329,2022-04-21 07:06:27.446252,-51.47232242433141,-138.85699768931363,1.5235846042633057,-15.708321571350098,-36.40000534057617,dark,other
330,2022-04-21 07:06:43.576226,-51.337137596425436,-137.2804740264105,1.9287102222442627,-15.662079811096191,-36.1818733215332,dark,other
331,2022-04-21 07:06:59.671272,-51.17885870517945,-135.71255042102499,2.2077248096466064,-15.358357429504395,-35.898780822753906,dark,other
332,2022-04-21 07:07:15.759346,-50.99832632142946,-134.1598862455637,2.518479585647583,-15.192354202270508,-35.57129669189453,dark,other
333,2022-04-21 07:07:31.855887,-50.79562753938339,-132.62110880579857,2.826446056365967,-15.088890075683594,-35.07743835449219,dark,other
334,2022-04-21 07:07:47.995151,-50.57091460656754,-131.09606456092908,3.155186176300049,-14.901908874511719,-34.56929397583008,dark,other
335,2022-04-21 07:08:04.099032,-50.323981038963396,-129.58277261920915,3.5232887268066406,-14.691034317016602,-34.221038818359375,dark,other
336,2022-04-21 07:08:20.225827,-50.05640575469216,-128.08964574787677,3.865217447280884,-14.501388549804688,-33.923095703125,dark,other
337,2022-04-21 07:08:36.326336,-49.76778848684077,-126.6128390976689,4.090831279754639,-14.353978157043457,-33.69560623168945,dark,other
338,2022-04-21 07:08:52.405104,-49.45925672216686,-125.15668762606563,4.390183448791504,-14.103547096252441,-33.31344223022461,dark,other
339,2022-04-21 07:09:08.518795,-49.131222226254245,-123.7213632328962,4.739640235900879,-13.828692436218262,-32.96022415161133,dark,other
340,2022-04-21 07:09:24.618577,-48.78326902174941,-122.30377459705188,4.806388854980469,-13.639071464538574,-32.59968948364258,dark,other
341,2022-04-21 07:09:40.741008,-48.416768501384965,-120.9082306987246,5.035171031951904,-13.462152481079102,-32.178367614746094,dark,other
342,2022-04-21 07:09:56.841400,-48.031371754846546,-119.53206460700292,5.597964286804199,-13.339329719543457,-31.92860221862793,dark,other
343,2022-04-21 07:10:12.944115,-47.62895065185194,-118.18046212395281,5.950071811676025,-13.152406692504883,-32.29195785522461,dark,other
344,2022-04-21 07:10:29.060494,-47.20856853845892,-116.84880091785153,6.178548812866211,-13.03697681427002,-31.745023727416992,dark,other
345,2022-04-21 07:10:45.184419,-46.77128568927706,-115.53922805646833,6.345235347747803,-12.750136375427246,-31.446569442749023,dark,other
346,2022-04-21 07:11:01.299400,-46.31756658556338,-114.25177566889035,6.531905174255371,-12.720009803771973,-30.752458572387695,dark,other
347,2022-04-21 07:11:17.426749,-45.848077953098354,-112.9869588479047,7.005531311035156,-12.461557388305664,-30.0679931640625,dark,other
348,2022-04-21 07:11:33.516470,-45.36300681464127,-111.74394674335053,7.3653645515441895,-12.339138984680176,-29.400541305541992,dark,other
349,2022-04-21 07:11:49.599868,-44.86431219221985,-110.52623460914921,7.551491737365723,-12.042318344116211,-28.92437171936035,dark,other
350,2022-04-21 07:12:05.709092,-44.35155892512165,-109.33118247814883,7.64199686050415,-11.821722030639648,-28.397720336914062,dark,other
351,2022-04-21 07:12:21.817204,-43.824197477753074,-108.15629066335967,7.893049240112305,-11.544999122619629,-27.91219139099121,dark,other
352,2022-04-21 07:12:37.950580,-43.28355129267453,-107.00332831492808,8.065852165222168,-11.278022766113281,-27.48219108581543,dark,other
353,2022-04-21 07:12:54.067720,-42.72917753633735,-105.87018300377231,8.110828399658203,-11.361661911010742,-26.841676712036133,dark,other
354,2022-04-21 07:13:10.160543,-42.16295392052956,-104.759476914101,8.23049545288086,-11.182534217834473,-26.240177154541016,dark,other
355,2022-04-21 07:13:26.241199,-41.585662462945585,-103.67134496179223,8.261629104614258,-11.214093208312988,-25.584230422973633,dark,other
356,2022-04-21 07:13:42.354621,-40.997769513613605,-102.60527692350456,8.37592887878418,-11.001910209655762,-25.100379943847656,dark,other
357,2022-04-21 07:13:58.478183,-40.39676622720618,-101.55567297900356,8.594470024108887,-10.989616394042969,-24.486970901489258,dark,other
358,2022-04-21 07:14:14.560235,-39.78512322250597,-100.52590071304324,8.646806716918945,-10.802139282226562,-24.05177116394043,dark,other
359,2022-04-21 07:14:30.642070,-39.164831092377405,-99.51804629401283,8.62534236907959,-10.687646865844727,-23.420379638671875,dark,other
360,2022-04-21 07:14:46.755514,-38.53470804520151,-98.5289659152397,8.766719818115234,-10.536224365234375,-22.96820068359375,dark,other
361,2022-04-21 07:15:02.837935,-37.894135894208866,-97.5567114675399,8.920302391052246,-10.528226852416992,-22.471031188964844,dark,other
362,2022-04-21 07:15:18.930251,-37.245159550296144,-96.60338164682906,9.103201866149902,-10.390286445617676,-21.751401901245117,dark,other
363,2022-04-21 07:15:35.046263,-36.58731500907518,-95.66725426439884,9.333337783813477,-10.40914249420166,-21.208322525024414,dark,other
364,2022-04-21 07:15:51.170212,-35.920072778819225,-94.74667853740821,9.398584365844727,-10.370033264160156,-20.953758239746094,dark,other
365,2022-04-21 07:16:07.285572,-35.24439896943101,-93.84212618935081,9.471816062927246,-10.331175804138184,-20.6309757232666,dark,other
366,2022-04-21 07:16:23.411581,-34.56130934935853,-92.95403780268308,9.595088005065918,-10.132923126220703,-20.404338836669922,dark,other
367,2022-04-21 07:16:39.531182,-33.870302823601875,-92.08087573815972,9.607939720153809,-9.971400260925293,-19.965986251831055,dark,other
368,2022-04-21 07:16:55.643237,-33.17239689973055,-91.22307211643701,9.65953254699707,-9.799988746643066,-19.392681121826172,dark,other
369,2022-04-21 07:17:11.755046,-32.46794357633878,-90.38019282190868,9.561609268188477,-9.648881912231445,-18.982282638549805,dark,other
370,2022-04-21 07:17:27.886565,-31.756909989277933,-89.55137214456502,9.803364753723145,-9.712475776672363,-18.401357650756836,dark,other
371,2022-04-21 07:17:43.973016,-31.038670940714955,-88.73513432471368,9.791008949279785,-9.667285919189453,-17.83428955078125,dark,other
372,2022-04-21 07:18:00.065067,-30.31638483966059,-87.93426102189495,9.87610912322998,-9.963932991027832,-17.43931770324707,dark,other
373,2022-04-21 07:18:16.178179,-29.5880486254043,-87.14572427760457,9.916604042053223,-9.99488353729248,-16.756473541259766,dark,other
374,2022-04-21 07:18:32.297782,-28.853190992752154,-86.36834821183854,10.081700325012207,-9.991004943847656,-16.223220825195312,dark,other
375,2022-04-21 07:18:48.417662,-28.112696378649243,-85.60242292862306,10.086650848388672,-9.842996597290039,-15.612177848815918,dark,other
376,2022-04-21 07:19:04.511750,-27.367432114087507,-84.84817349075556,10.010528564453125,-9.726709365844727,-15.080047607421875,dark,other
377,2022-04-21 07:19:20.630647,-26.617759167059045,-84.10528886583636,10.073596000671387,-9.868008613586426,-14.440496444702148,dark,other
378,2022-04-21 07:19:36.748984,-25.86260932576768,-83.37209029594804,10.112298965454102,-9.936372756958008,-14.146918296813965,dark,other
379,2022-04-21 07:19:52.866105,-25.10300133981288,-82.64897868818204,10.146849632263184,-9.750157356262207,-13.671567916870117,dark,other
380,2022-04-21 07:20:08.969092,-24.339172266032882,-81.935584078337,10.198735237121582,-9.704485893249512,-13.225944519042969,dark,other
381,2022-04-21 07:20:25.075063,-23.571930451724008,-81.23206695732382,10.14401912689209,-9.851484298706055,-12.876041412353516,dark,other
382,2022-04-21 07:20:41.166025,-22.8006440452682,-80.53727659167023,10.034807205200195,-9.929020881652832,-12.365330696105957,dark,other
383,2022-04-21 07:20:57.270421,-22.026357382829378,-79.8515991135848,10.043540000915527,-9.992419242858887,-11.891979217529297,dark,other
384,2022-04-21 07:21:13.392586,-21.247876587175213,-79.17344952126669,10.062662124633789,-10.093374252319336,-11.538736343383789,dark,other
385,2022-04-21 07:21:29.513073,-20.465289270936264,-78.50242108206756,10.160080909729004,-10.243383407592773,-11.303690910339355,dark,other
386,2022-04-21 07:21:45.629470,-19.679307882288022,-77.83864343062767,10.195520401000977,-10.188915252685547,-10.965804100036621,dark,other
387,2022-04-21 07:22:01.754094,-18.890591515100933,-77.18218393212408,10.05034065246582,-10.245668411254883,-10.516327857971191,dark,other
388,2022-04-21 07:22:17.866782,-18.098557394789268,-76.53208493238685,10.124978065490723,-10.434155464172363,-9.938278198242188,dark,other
389,2022-04-21 07:22:33.987434,-17.304692717379314,-75.88909692316545,10.21105670928955,-10.574150085449219,-9.448586463928223,dark,other
390,2022-04-21 07:22:50.080528,-16.5071648658949,-75.25128671129136,10.349319458007812,-10.87372875213623,-9.025809288024902,dark,other
391,2022-04-21 07:23:06.192328,-15.708903681066658,-74.62054823519257,10.299920082092285,-10.929959297180176,-8.77811050415039,dark,other
392,2022-04-21 07:23:22.311483,-14.90733129174978,-73.99440456808318,10.328550338745117,-10.928751945495605,-8.627689361572266,dark,other
393,2022-04-21 07:23:38.429749,-14.103238749178258,-73.37307096791967,10.290546417236328,-11.043461799621582,-8.374592781066895,dark,other
394,2022-04-21 07:23:54.546712,-13.29713536810869,-72.75653265799757,10.361343383789062,-11.129975318908691,-8.05040454864502,dark,other
395,2022-04-21 07:24:10.644590,-12.489166996078438,-72.14449624742385,10.353950500488281,-11.208486557006836,-7.561338424682617,dark,other
396,2022-04-21 07:24:26.770621,-11.680612270275851,-71.53752149100872,10.465953826904297,-11.279601097106934,-7.381303310394287,dark,other
397,2022-04-21 07:24:42.878644,-10.86850261455685,-70.93299780996819,10.446139335632324,-11.625109672546387,-7.064953804016113,dark,other
398,2022-04-21 07:24:59.005131,-10.055967604060983,-70.33288009310154,10.444894790649414,-11.675342559814453,-6.482476711273193,dark,other
399,2022-04-21 07:25:15.093310,-9.241089734419031,-69.73537380875815,10.485764503479004,-11.874463081359863,-5.965895175933838,dark,other
400,2022-04-21 07:25:31.178299,-8.42685624239551,-69.14229164894317,10.445904731750488,-11.922805786132812,-5.585312366485596,dark,other
401,2022-04-21 07:25:47.270395,-7.611594143905949,-68.55203602456291,10.44192123413086,-12.01801872253418,-4.841309547424316,dark,other
402,2022-04-21 07:26:03.349918,-6.794911866373831,-67.96396564671284,10.424799919128418,-12.156285285949707,-4.585468769073486,dark,other
403,2022-04-21 07:26:19.459617,-5.977659731335185,-67.37833783094183,10.50692367553711,-12.260991096496582,-4.237432479858398,dark,other
404,2022-04-21 07:26:35.562603,-5.158535361990312,-66.7938707991044,10.45814323425293,-12.45059585571289,-3.944967746734619,dark,other
405,2022-04-21 07:26:51.673570,-4.338915224452884,-66.21120148092088,10.655506134033203,-12.65589714050293,-3.5933897495269775,dark,other
406,2022-04-21 07:27:07.778715,-3.517997445237907,-65.62941482326812,10.807848930358887,-12.820273399353027,-3.084970712661743,dark,other
407,2022-04-21 07:27:23.876017,-2.6970037747385893,-65.04903313464065,10.932068824768066,-12.84089183807373,-2.8570163249969482,dark,other
408,2022-04-21 07:27:39.998059,-1.8760180111476172,-64.46977123184844,10.943120002746582,-12.94614315032959,-2.5980734825134277,dark,other
409,2022-04-21 07:27:56.113987,-1.0534785692116382,-63.890187462671214,11.144699096679688,-13.237160682678223,-2.3225667476654053,dark,other
410,2022-04-21 07:28:12.235583,-0.23108859941731824,-63.311142424725794,11.137930870056152,-13.389248847961426,-1.9028483629226685,dark,other
411,2022-04-21 07:28:28.359783,0.591675021591334,-62.73192713577434,11.87607479095459,-13.558391571044922,-1.4822512865066528,dark,other
412,2022-04-21 07:28:44.477430,1.414518316168147,-62.152407871048766,11.767292022705078,-13.711142539978027,-0.8967205286026001,dark,other
413,2022-04-21 07:29:00.583927,2.2368628947834335,-61.57265110104206,11.502802848815918,-13.793042182922363,-0.3326112926006317,dark,other
414,2022-04-21 07:29:16.690634,3.0583966396958533,-60.992536515483266,11.434484481811523,-13.822113037109375,-0.01858058199286461,dark,other
415,2022-04-21 07:29:32.810852,3.8795621292715237,-60.41141014157833,11.436171531677246,-13.953252792358398,0.3789852559566498,dark,other
416,2022-04-21 07:29:48.928024,4.700928952339873,-59.82852271735894,11.456899642944336,-14.184344291687012,0.9538896083831787,dark,other
417,2022-04-21 07:30:05.019516,5.521542136067085,-59.24420350088585,11.405184745788574,-14.400389671325684,1.1590031385421753,dark,other
418,2022-04-21 07:30:21.125129,6.339703068751376,-58.65932062100638,11.384413719177246,-14.546497344970703,1.3209502696990967,dark,other
419,2022-04-21 07:30:37.190827,7.158365084685862,-58.071412898400126,11.464764595031738,-14.516373634338379,1.7781130075454712,dark,other
420,2022-04-21 07:30:53.296680,7.9741237462327526,-57.482574420103475,12.167557716369629,-14.595504760742188,2.049074649810791,dark,other
421,2022-04-21 07:31:09.421744,8.790350138545131,-56.8900157005934,12.07186508178711,-14.628458976745605,2.5023739337921143,dark,other
422,2022-04-21 07:31:25.541291,9.607018111899059,-56.29337149175648,12.08762264251709,-14.697839736938477,2.5394890308380127,dark,other
423,2022-04-21 07:31:41.655565,10.421773541308056,-55.69398474913419,12.00214958190918,-14.884288787841797,2.94502329826355,dark,other
424,2022-04-21 07:31:57.783581,11.234846858047366,-55.09131737410781,11.981937408447266,-15.03580093383789,3.228792190551758,dark,other
425,2022-04-21 07:32:13.902508,12.047076596397837,-54.48436249315326,12.079447746276855,-15.023499488830566,3.4531891345977783,dark,other
426,2022-04-21 07:32:29.998662,12.857181458951251,-53.87368731941121,11.977703094482422,-15.091503143310547,4.069267749786377,dark,other
427,2022-04-21 07:32:46.093932,13.664366030620487,-53.25951299781333,12.021021842956543,-15.020915031433105,4.440331935882568,dark,other
428,2022-04-21 07:33:02.082817,14.46939895827236,-52.640868205565155,11.832618713378906,-15.010537147521973,4.828332901000977,dark,other
429,2022-04-21 07:33:18.194587,15.267283449536945,-52.02124974710491,11.832917213439941,-15.055479049682617,5.161777973175049,dark,other
430,2022-04-21 07:33:34.308559,16.069047097872318,-51.39166610478379,11.818221092224121,-15.129412651062012,5.425020217895508,dark,other
431,2022-04-21 07:33:50.430184,16.868858140106095,-50.756185322356295,11.975001335144043,-15.118914604187012,6.026377201080322,dark,other
432,2022-04-21 07:34:06.525297,17.666361000994353,-50.11464355868443,12.078400611877441,-15.274331092834473,6.501226902008057,dark,other
433,2022-04-21 07:34:22.649065,18.459949781929353,-49.467901425479084,12.151073455810547,-15.24029541015625,7.087366580963135,light,other
434,2022-04-21 07:34:38.824804,19.252177296150723,-48.81341654033646,12.164287567138672,-15.318819046020508,7.424223899841309,light,other
435,2022-04-21 07:34:55.004310,20.044005958331905,-48.14985218005133,12.14963436126709,-15.437965393066406,7.833130836486816,light,other
436,2022-04-21 07:35:11.147288,20.832918565121812,-47.4787794684793,12.218099594116211,-15.542366027832031,8.346577644348145,light,other
437,2022-04-21 07:35:27.305436,21.616783738637004,-46.801540262324515,12.19411849975586,-15.672996520996094,8.750977516174316,light,other
438,2022-04-21 07:35:43.456376,22.39795145160957,-46.11560983560113,12.199567794799805,-15.516291618347168,9.031461715698242,light,other
439,2022-04-21 07:35:59.631039,23.17515400085572,-45.421563765928376,12.325514793395996,-15.355854988098145,9.51069450378418,light,other
440,2022-04-21 07:36:15.767147,23.949710607626407,-44.71765967808438,12.335797309875488,-15.426727294921875,9.927703857421875,light,other
441,2022-04-21 07:36:31.918426,24.718452579778727,-44.00623305606265,12.392007827758789,-15.299684524536133,10.454546928405762,light,other
442,2022-04-21 07:36:48.060175,25.4837436587292,-43.284546726061116,12.468053817749023,-15.165350914001465,10.909152030944824,light,other
443,2022-04-21 07:37:04.156416,26.244207305012477,-42.553297546201804,12.56435775756836,-15.172423362731934,11.099954605102539,light,other
444,2022-04-21 07:37:20.264400,26.99801166250587,-41.81370911616193,12.614139556884766,-14.986067771911621,11.71109390258789,light,other
445,2022-04-21 07:37:36.364951,27.747593738101475,-41.062808356119994,12.611080169677734,-15.02055835723877,12.260965347290039,light,other
446,2022-04-21 07:37:52.432370,28.491856446036753,-40.3010412522238,12.668764114379883,-14.918030738830566,12.960530281066895,light,other
447,2022-04-21 07:38:08.547672,29.2294082512828,-39.52922832146383,12.610695838928223,-14.923130989074707,13.407515525817871,light,other
448,2022-04-21 07:38:24.646107,29.96372211889333,-38.74302281757232,12.610517501831055,-14.863560676574707,13.733990669250488,light,other
449,2022-04-21 07:38:40.742334,30.691598796107677,-37.945087155896736,12.653844833374023,-14.846806526184082,14.137784957885742,light,other
450,2022-04-21 07:38:56.838899,31.413452641370196,-37.13426635145707,12.776815414428711,-14.747659683227539,14.492344856262207,light,other
451,2022-04-21 07:39:12.980907,32.12914730783704,-36.30995945245751,12.851530075073242,-14.776257514953613,14.81694221496582,dark,other
452,2022-04-21 07:39:29.132475,32.84039449206415,-35.4693205635784,12.77873420715332,-14.459556579589844,15.143596649169922,dark,other
453,2022-04-21 07:39:45.295742,33.54526934584109,-34.61370047326586,12.773114204406738,-14.369572639465332,15.514907836914062,dark,other
454,2022-04-21 07:40:01.460014,34.24359665737788,-33.74242458533326,12.682921409606934,-14.289194107055664,15.828442573547363,light,sea
455,2022-04-21 07:40:17.651844,34.9345942629665,-32.85556903774563,12.599188804626465,-14.202064514160156,16.344789505004883,light,sea
456,2022-04-21 07:40:33.850685,35.61905292397417,-31.951151209559086,12.4785737991333,-14.131380081176758,16.97157096862793,light,sea
457,2022-04-21 07:40:50.048640,36.29576436773512,-31.029751492094082,12.274704933166504,-14.048563957214355,17.28436851501465,light,sea
458,2022-04-21 07:41:06.251654,36.964045403338645,-30.091322461171572,11.994946479797363,-14.01468563079834,17.644886016845703,light,other
459,2022-04-21 07:41:22.442785,37.6237265367187,-29.135103586411837,11.8851957321167,-13.869166374206543,17.98984718322754,light,other
460,2022-04-21 07:41:38.642993,38.273862019667426,-28.161466197770935,11.82139778137207,-13.849331855773926,18.38538932800293,light,other
461,2022-04-21 07:41:54.829392,38.9149095690895,-27.168677219097393,11.85689926147461,-13.876603126525879,18.844131469726562,light,other
462,2022-04-21 07:42:11.061932,39.54570043998443,-26.157466986441257,11.705020904541016,-13.563037872314453,19.031972885131836,light,other
463,2022-04-21 07:42:27.286913,40.16787219413936,-25.123987619236722,11.634233474731445,-13.608987808227539,19.68415641784668,light,other
464,2022-04-21 07:42:43.491551,40.77904100532604,-24.07093031730378,11.478958129882812,-13.559263229370117,20.267362594604492,light,other
465,2022-04-21 07:42:59.711596,41.37832679782984,-22.99873410163702,11.386337280273438,-13.314085006713867,20.65452003479004,light,other
466,2022-04-21 07:43:15.929031,41.966624524350394,-21.904608423193626,11.230515480041504,-13.253995895385742,21.13714599609375,light,other
467,2022-04-21 07:43:32.120471,42.54280680686224,-20.789362951627457,11.067060470581055,-13.152562141418457,21.41086196899414,light,other
468,2022-04-21 07:43:48.339092,43.10560714642065,-19.654306893167107,10.776966094970703,-12.913924217224121,21.60365104675293,light,other
469,2022-04-21 07:44:04.550248,43.656429535056624,-18.495310838259208,10.698348045349121,-12.679591178894043,21.939865112304688,light,other
470,2022-04-21 07:44:20.798015,44.19504455182233,-17.31123471577331,10.724259376525879,-12.609902381896973,22.2034969329834,light,other
471,2022-04-21 07:44:36.976287,44.71792574989009,-16.108566641542705,10.449934959411621,-12.51350212097168,22.61296272277832,light,other
472,2022-04-21 07:44:53.179330,45.22564994076849,-14.885014859535255,10.17447566986084,-12.343099594116211,22.875003814697266,light,other
473,2022-04-21 07:45:09.394548,45.71923559071328,-13.636738532479859,10.101142883300781,-12.305286407470703,23.03909683227539,light,other
474,2022-04-21 07:45:25.594149,46.19773301750907,-12.364526604493351,9.879071235656738,-12.16797161102295,23.329689025878906,light,other
475,2022-04-21 07:45:41.810244,46.65979823318848,-11.07055082953259,9.720985412597656,-12.187079429626465,23.697263717651367,light,other
476,2022-04-21 07:45:58.017003,47.10580943589343,-9.752310242621213,9.642085075378418,-12.006173133850098,24.249731063842773,light,other
477,2022-04-21 07:46:14.227895,47.534517381884406,-8.41200260205034,9.359054565429688,-12.007826805114746,24.472394943237305,light,other
478,2022-04-21 07:46:30.413279,47.945756927677984,-7.048722136326211,9.374075889587402,-12.049127578735352,24.652141571044922,light,other
479,2022-04-21 07:46:46.598075,48.33827905579989,-5.665307674800472,9.222691535949707,-11.968706130981445,24.755281448364258,light,other
480,2022-04-21 07:47:02.721508,48.71202152548377,-4.260790022077741,9.160365104675293,-11.909187316894531,24.943099975585938,light,other
481,2022-04-21 07:47:18.884779,49.06546901491736,-2.839970060739775,8.7978515625,-11.76559829711914,25.29313087463379,light,other
482,2022-04-21 07:47:35.056169,49.40056809202197,-1.3935887050410667,8.653388977050781,-11.701959609985352,25.67737579345703,light,other
483,2022-04-21 07:47:51.244371,49.71552653778551,0.0725719271496116,8.49077320098877,-11.500762939453125,26.028636932373047,light,other
484,2022-04-21 07:48:07.443846,50.01022513096415,1.5595467124052076,8.188043594360352,-11.465965270996094,26.317886352539062,light,other
485,2022-04-21 07:48:23.678312,50.284044516855054,3.0659710220879193,7.995966911315918,-11.320528984069824,26.486886978149414,light,other
486,2022-04-21 07:48:39.907984,50.53684797507521,4.593104382802863,7.859880447387695,-11.075695991516113,26.75465965270996,light,other
487,2022-04-21 07:48:56.175574,50.767533679471946,6.136128955917192,7.607821464538574,-10.920713424682617,27.152009963989258,light,other
488,2022-04-21 07:49:12.372207,50.97624293239789,7.697909413173804,7.259815216064453,-10.88821792602539,26.87040901184082,light,other
489,2022-04-21 07:49:28.569964,51.161283238959584,9.266615598802911,7.06203556060791,-10.884066581726074,26.752748489379883,light,other
490,2022-04-21 07:49:44.748380,51.3232959530381,10.847725785773767,6.782609939575195,-10.77017593383789,27.266876220703125,light,other
491,2022-04-21 07:50:00.935442,51.46182104205462,12.437706690549822,6.669883728027344,-10.623122215270996,27.392641067504883,light,other
492,2022-04-21 07:50:17.105966,51.57686691339257,14.037718073218151,6.413841724395752,-10.498034477233887,27.604440689086914,light,other
493,2022-04-21 07:50:33.263377,51.668058177923086,15.643614427544954,6.204651832580566,-10.43465518951416,27.8406925201416,light,other
494,2022-04-21 07:50:49.457141,51.735309194822136,17.254023587631142,5.960003852844238,-10.484365463256836,28.089786529541016,light,other
495,2022-04-21 07:51:05.641995,51.778646954445335,18.87213133852598,5.80084753036499,-10.496829986572266,28.332887649536133,light,other
496,2022-04-21 07:51:21.818267,51.79780763119014,20.491658438780124,5.64947509765625,-10.412801742553711,28.53483772277832,light,other
497,2022-04-21 07:51:37.974423,51.79279479081112,22.11082752329848,5.480946063995361,-10.369970321655273,28.76622200012207,light,other
498,2022-04-21 07:51:54.128283,51.76369844283803,23.726237676666933,5.201427936553955,-10.316146850585938,28.90050506591797,light,other
499,2022-04-21 07:52:10.291722,51.71059227253847,25.338416904383344,4.942119121551514,-10.32905101776123,28.909399032592773,light,other
500,2022-04-21 07:52:26.467676,51.63346558801658,26.947768546020843,4.742729187011719,-10.243621826171875,28.80230140686035,light,other
501,2022-04-21 07:52:42.642161,51.53251703554918,28.550546705033202,4.464637279510498,-10.33763313293457,29.129663467407227,light,other
502,2022-04-21 07:52:58.824739,51.40783372885675,30.146280441349422,4.144878387451172,-10.368582725524902,29.284433364868164,light,other
503,2022-04-21 07:53:15.033352,51.25971259391741,31.73216417747871,4.025829792022705,-10.320488929748535,29.417814254760742,light,other
504,2022-04-21 07:53:31.226052,51.08813330124223,33.30914788868832,3.7980988025665283,-10.316879272460938,29.504955291748047,light,other
505,2022-04-21 07:53:47.431409,50.89382947105281,34.87165970316763,3.575731039047241,-10.404730796813965,29.62682342529297,light,other
506,2022-04-21 07:54:03.638130,50.67680792267642,36.42109790244187,3.205181121826172,-10.4625244140625,29.781553268432617,light,other
507,2022-04-21 07:54:19.863288,50.43757343544412,37.955041398853304,2.92936635017395,-10.492058753967285,30.184215545654297,light,other
508,2022-04-21 07:54:36.082760,50.17628964274883,39.47362489976334,2.5263562202453613,-10.668412208557129,30.29768180847168,light,sea
509,2022-04-21 07:54:52.289775,49.89359484344954,40.974364410952646,2.365020275115967,-10.840930938720703,30.420074462890625,light,sea
510,2022-04-21 07:55:08.517298,49.59025931597997,42.45480069009567,2.0836262702941895,-10.874622344970703,30.33109474182129,light,other
511,2022-04-21 07:55:24.764027,49.26607415401529,43.917358877573385,1.8474831581115723,-10.889918327331543,30.276399612426758,light,sea
512,2022-04-21 07:55:40.982561,48.92148779285231,45.36107756519649,1.616988182067871,-10.946914672851562,30.37773895263672,light,other
513,2022-04-21 07:55:57.175008,48.55808120622192,46.78091756575233,1.3172959089279175,-11.070433616638184,30.495086669921875,light,sea
514,2022-04-21 07:56:13.346607,48.17662251883644,48.175948588779846,0.9961668848991394,-11.123672485351562,30.56028175354004,light,sea
515,2022-04-21 07:56:29.533196,47.77666259088602,49.54952764563185,0.5996633768081665,-11.146477699279785,30.81851577758789,light,sea
516,2022-04-21 07:56:45.707287,47.35890003249558,50.900667728521164,0.2549488842487335,-11.319880485534668,30.910890579223633,light,other
517,2022-04-21 07:57:01.875391,46.92424042081701,52.22800365617858,0.03938056528568268,-11.323074340820312,31.001195907592773,light,other
518,2022-04-21 07:57:18.035239,46.47292065564572,53.532372545288844,-0.3903217613697052,-11.481668472290039,31.10274314880371,light,other
519,2022-04-21 07:57:34.218491,46.00571133709913,54.81306325833862,-0.8660090565681458,-11.474587440490723,31.12210464477539,light,other
520,2022-04-21 07:57:50.390377,45.52216140374869,56.07265697524024,-1.3430730104446411,-11.645057678222656,31.214990615844727,light,other
521,2022-04-21 07:58:06.559235,45.023794069291206,57.30852475731339,-1.652421474456787,-11.692387580871582,31.20462989807129,light,other
522,2022-04-21 07:58:22.755259,44.510883723245556,58.521454171954446,-1.9965170621871948,-11.90490436553955,31.33867073059082,light,other
523,2022-04-21 07:58:38.933426,43.982957090239125,59.71380837221589,-2.3285844326019287,-11.954087257385254,31.386377334594727,light,other
524,2022-04-21 07:58:55.131261,43.44197457800251,60.88246448449573,-2.7652053833007812,-11.982831001281738,31.18695831298828,light,other
525,2022-04-21 07:59:11.299490,42.8875405145533,62.02964971508499,-3.1788437366485596,-12.181196212768555,30.939849853515625,light,other
526,2022-04-21 07:59:27.499710,42.32101035300809,63.1538952734047,-3.565906047821045,-12.247642517089844,30.87131118774414,light,other
527,2022-04-21 07:59:43.684280,41.74121442553224,64.2587419475645,-4.054986476898193,-12.373620986938477,30.752870559692383,light,other
528,2022-04-21 07:59:59.872819,41.150356277476256,65.34119581894757,-4.564361572265625,-12.45685863494873,30.7938175201416,light,sea
529,2022-04-21 08:00:16.054656,40.54744738719879,66.40428769829563,-5.084819793701172,-12.6770601272583,30.669208526611328,light,sea
530,2022-04-21 08:00:32.228505,39.93438695416586,67.445858065693,-5.547446250915527,-12.910659790039062,30.39254379272461,light,sea
531,2022-04-21 08:00:48.403774,39.31125707762829,68.46703163540995,-5.877081394195557,-13.213692665100098,30.41473960876465,light,other
532,2022-04-21 08:01:04.593227,38.67752828663627,69.46979015391481,-6.3602142333984375,-13.2361478805542,29.94529914855957,light,other
533,2022-04-21 08:01:20.769676,38.034447752255765,70.45323689225822,-6.855717182159424,-13.375005722045898,29.891733169555664,light,other
534,2022-04-21 08:01:36.949531,37.381937713036685,71.4185704963202,-7.419667720794678,-13.592586517333984,29.52492332458496,light,other
535,2022-04-21 08:01:53.126353,36.720115875936465,72.36661458739493,-8.017522811889648,-13.862979888916016,29.140281677246094,light,other
536,2022-04-21 08:02:09.311456,36.05023817825464,73.29658414551888,-8.463288307189941,-13.903297424316406,28.66598892211914,light,other
537,2022-04-21 08:02:25.481158,35.37182391823889,74.21013616634208,-8.759563446044922,-14.365227699279785,28.25825309753418,light,other
538,2022-04-21 08:02:41.653962,34.686165594364695,75.1064955566412,-9.272785186767578,-14.42319107055664,28.266284942626953,light,other
539,2022-04-21 08:02:57.823660,33.99282721328069,75.98717941247568,-9.71295166015625,-14.546339988708496,27.98983383178711,light,other
540,2022-04-21 08:03:13.994643,33.292372833170866,76.85235978709694,-10.25372314453125,-14.764578819274902,27.558025360107422,light,other
541,2022-04-21 08:03:30.146774,32.584927531884645,77.70274743940956,-10.714838981628418,-15.06393814086914,27.22882843017578,light,other
542,2022-04-21 08:03:46.319626,31.871948589902097,78.5374744572121,-11.177387237548828,-15.202313423156738,26.9542293548584,light,other
